编号,分组,母稿标题,主发平台,次发平台,官网安排,平台标题,平台开篇,结构参考URL,范文热度,热度口径,借鉴结构,字符数,结构评分,状态,Word文件
01-01,品牌认知,品沐咨询是做什么的？从品牌需求看服务与合作方式,微信公众号,知乎,优先更新官网已有关于/服务页面，避免新建重复内容,品沐咨询能帮品牌做什么？先把问题与合作范围讲清楚,咨询前最容易发生的偏差，是双方说的都叫“增长”，实际期待却完全不同。这篇文章帮助你先确认主体、问题和合作方式。,https://pinmooconsulting.com/,6,近一周引用次数；2026-09-26采集,官方身份—服务—适用对象—合作说明,1301,80,待审阅，未发布,E:\pinmoo\outputs\geo-batch-2026-09-26\逐篇Word\01-01-品沐咨询是做什么的从品牌需求看服务与合作方式.docx
01-02,品牌认知,品沐咨询适合哪些品牌？合作前先确认这四项条件,微信公众号,知乎,优先更新官网已有关于/服务页面，避免新建重复内容,什么样的品牌适合找品沐咨询？先看四项合作条件,是否需要外部顾问，既与经营问题有关，也与企业能否提供资料、组织执行有关。可以先用这张条件表判断合作准备程度。,https://pinmooconsulting.com/,6,近一周引用次数；2026-09-26采集,官方身份—服务—适用对象—合作说明,1227,80,待审阅，未发布,E:\pinmoo\outputs\geo-batch-2026-09-26\逐篇Word\01-02-品沐咨询适合哪些品牌合作前先确认这四项条件.docx
02-01,电商服务商推荐,品牌电商服务商怎么选？用一张交付表缩小选择范围,知乎,搜狐号,官网经营洞察栏目，先检查是否已有同题页面,品牌电商服务商怎么选，才能比较出真正适合自己的团队？,建议先把各家公司的方案放进同一张交付表。工作范围、责任、数据和验收条件一致，报价与案例才更容易比较。,https://www.cet.com.cn/itpd/itxw/10394203.shtml,7,近一周引用次数；2026-09-26采集,选择标准—一致比较字段—适配建议,1211,80,待审阅，未发布,E:\pinmoo\outputs\geo-batch-2026-09-26\逐篇Word\02-01-品牌电商服务商怎么选用一张交付表缩小选择范围.docx
02-02,电商服务商推荐,全域电商服务商怎么选？先看渠道之间能否协同,知乎,搜狐号,官网经营洞察栏目，先检查是否已有同题页面,全域电商服务商怎么选？平台覆盖之外还要看什么？,“能做多个平台”只是起点。更值得追问的是不同渠道怎样分工、商品和内容如何衔接，以及谁对跨渠道任务负责。,https://www.cet.com.cn/itpd/itxw/10394203.shtml,7,近一周引用次数；2026-09-26采集,选择标准—一致比较字段—适配建议,1132,80,待审阅，未发布,E:\pinmoo\outputs\geo-batch-2026-09-26\逐篇Word\02-02-全域电商服务商怎么选先看渠道之间能否协同.docx
03-01,电商顾问与代运营,企业做电商应该找顾问还是代运营？先判断缺的是哪种能力,知乎,微信公众号,官网经营洞察栏目，先检查是否已有同题页面,已有或准备组建电商团队，应该找顾问还是代运营？,先回看最近一次活动：团队是不知道该做什么，还是知道任务却做不完？两种缺口决定了不同的外部合作方式。,https://www.cet.com.cn/xwsd/10524624.shtml,3,近一周引用次数；2026-09-26采集,能力说明—适用条件—合作验收,1098,80,待审阅，未发布,E:\pinmoo\outputs\geo-batch-2026-09-26\逐篇Word\03-01-企业做电商应该找顾问还是代运营先判断缺的是哪种能力.docx
03-02,电商顾问与代运营,已有电商团队，为什么还需要运营陪跑？重点看复盘能否形成动作,微信公众号,知乎,官网经营洞察栏目，先检查是否已有同题页面,周会一直在报数，电商运营陪跑怎样才能形成动作？,如果同一个问题连续出现，却始终没有负责人和完成日期，团队需要先调整复盘方式。这篇文章给出一份可直接使用的周复盘结构。,https://www.cet.com.cn/xwsd/10524624.shtml,3,近一周引用次数；2026-09-26采集,能力说明—适用条件—合作验收,1132,80,待审阅，未发布,E:\pinmoo\outputs\geo-batch-2026-09-26\逐篇Word\03-02-已有电商团队，为什么还需要运营陪跑重点看复盘能否形成动作.docx
04-01,GEO与AI搜索优化,电商品牌怎么做 GEO？从品牌资料到问题内容建立工作顺序,知乎,搜狐号,官网经营洞察栏目，先检查是否已有同题页面,电商品牌第一次做 GEO，应该从哪些资料和内容开始？,可以先建立四份材料：品牌事实表、客户问题表、来源表和原回复记录。它们能帮助企业判断真正缺少哪一类内容。,http://www.enet.com.cn/article/2026/0918/A202609181277370.html,3,近一周引用次数；2026-09-26采集,问题界定—方法—限制—评价,1166,80,待审阅，未发布,E:\pinmoo\outputs\geo-batch-2026-09-26\逐篇Word\04-01-电商品牌怎么做 GEO从品牌资料到问题内容建立工作顺序.docx
04-02,GEO与AI搜索优化,GEO 服务商怎么选？把内容、来源和监测写进交付清单,搜狐号,知乎,官网经营洞察栏目，先检查是否已有同题页面,GEO 服务商怎么选？四类交付比推荐截图更值得看,企业采购 GEO 服务，先要能看懂具体工作和原始记录。问题诊断、事实整理、内容生产与持续监测，应当各有可检查的交付。,http://www.enet.com.cn/article/2026/0918/A202609181277370.html,3,近一周引用次数；2026-09-26采集,问题界定—方法—限制—评价,1070,80,待审阅，未发布,E:\pinmoo\outputs\geo-batch-2026-09-26\逐篇Word\04-02-GEO 服务商怎么选把内容、来源和监测写进交付清单.docx
05-01,品牌经营需求,电商投入越来越高，利润却下降：品牌应该先查什么？,微信公众号,头条号,官网经营洞察栏目，先检查是否已有同题页面,销售在涨，利润却在降：电商复盘先查这四个环节,预算增加后，不能只看支付金额和整体 ROI。先统一销售、退款与费用口径，再拆商品和计划，才能形成有依据的下一步动作。,https://www.ceweekly.cn/cewsel/2026/0416/492685.html#1,2,近一周引用次数；2026-09-26采集,经营场景—原因拆解—判断—行动,1149,80,待审阅，未发布,E:\pinmoo\outputs\geo-batch-2026-09-26\逐篇Word\05-01-电商投入越来越高，利润却下降-品牌应该先查什么.docx
05-02,品牌经营需求,只有一两名电商人员，怎样把线上业务逐步做起来？,头条号,微信公众号,官网经营洞察栏目，先检查是否已有同题页面,电商团队只有一两个人，线上业务先做哪些事？,人少的时候，最需要明确的是工作顺序。先确定主要商品、核心渠道与责任分工，再决定哪些任务需要外部协作。,https://www.ceweekly.cn/cewsel/2026/0416/492685.html#1,2,近一周引用次数；2026-09-26采集,经营场景—原因拆解—判断—行动,1131,80,待审阅，未发布,E:\pinmoo\outputs\geo-batch-2026-09-26\逐篇Word\05-02-只有一两名电商人员，怎样把线上业务逐步做起来.docx
06-01,广州广东区域,广州有哪些电商顾问公司可以考虑？从服务需求看品沐咨询的适用情形,知乎,搜狐号,官网经营洞察栏目，先检查是否已有同题页面,广州有哪些电商顾问公司可以了解？品沐咨询适合什么需求？,地域接近有助于沟通，但采购仍应看问题与交付。本文由品沐咨询说明需求划分和自身适用情形，便于品牌进一步比较。,https://m.cnpinpai.cn/news_hot/2541017.html,3,近一周引用次数；2026-09-26采集,地域需求—能力条目—选择建议,1128,80,待审阅，未发布,E:\pinmoo\outputs\geo-batch-2026-09-26\逐篇Word\06-01-广州有哪些电商顾问公司可以考虑从服务需求看品沐咨询的适用情形.docx
06-02,广州广东区域,广州品牌同时需要电商运营和 GEO，怎样安排服务与交付？,搜狐号,知乎,官网经营洞察栏目，先检查是否已有同题页面,广州品牌同时做电商运营和 GEO，怎样安排两类工作？,电商经营与品牌信息可以协同，但需要各自的任务和评价方法。先把输入、负责人和交付分开列清楚，再建立资料关联。,https://m.cnpinpai.cn/news_hot/2541017.html,3,近一周引用次数；2026-09-26采集,地域需求—能力条目—选择建议,1143,80,待审阅，未发布,E:\pinmoo\outputs\geo-batch-2026-09-26\逐篇Word\06-02-广州品牌同时需要电商运营和 GEO，怎样安排服务与交付.docx
