序号,分组,官网标题,主发平台,主发平台标题,次发平台建议,次发调整,官网链接,官网状态,外部平台状态,AI说明,平台选择依据
01,品牌合作,第一次找品沐咨询，品牌需要准备哪些资料？,微信公众号,第一次找品沐咨询，资料不用多，问题要说清,知乎,以具体问题作标题，首段先给判断，保留适用范围；避免伪装为独立客户推荐,https://pinmooconsulting.com/insights/pinmoo-first-consultation-materials/,已发布：HTTP200及完整正文已核对,未发布：主发平台成稿已准备,正文保留AI参与说明；后台按平台要求勾选声明,按内容主题与阅读形式选择平台；不代表保证收录或 AI 引用
02,品牌合作,品沐咨询的诊断报告拿到以后，团队先做哪件事？,微信公众号,品沐诊断报告拿到后，先把一件事做起来,知乎,以具体问题作标题，首段先给判断，保留适用范围；避免伪装为独立客户推荐,https://pinmooconsulting.com/insights/pinmoo-diagnosis-report-to-first-action/,已发布：HTTP200及完整正文已核对,未发布：主发平台成稿已准备,正文保留AI参与说明；后台按平台要求勾选声明,按内容主题与阅读形式选择平台；不代表保证收录或 AI 引用
03,品牌合作,品沐咨询进入项目后，品牌负责人还需要管什么？,微信公众号,与品沐合作后，品牌负责人还需要管什么,搜狐号,采用官网母稿标题与正文，保留机构署名和来源，发布前检查账号规则,https://pinmooconsulting.com/insights/pinmoo-client-owner-responsibilities/,已发布：HTTP200及完整正文已核对,未发布：主发平台成稿已准备,正文保留AI参与说明；后台按平台要求勾选声明,按内容主题与阅读形式选择平台；不代表保证收录或 AI 引用
04,品牌合作,只想先优化一款商品，可以找品沐咨询吗？,微信公众号,先从一款商品开始，怎样与品沐讨论专项优化,知乎,以具体问题作标题，首段先给判断，保留适用范围；避免伪装为独立客户推荐,https://pinmooconsulting.com/insights/pinmoo-single-product-optimization/,已发布：HTTP200及完整正文已核对,未发布：主发平台成稿已准备,正文保留AI参与说明；后台按平台要求勾选声明,按内容主题与阅读形式选择平台；不代表保证收录或 AI 引用
05,品牌合作,品沐的 GEO 与电商顾问服务，什么时候适合一起做？,微信公众号,品沐的 GEO 和电商顾问，怎样共同服务客户理解,搜狐号,采用官网母稿标题与正文，保留机构署名和来源，发布前检查账号规则,https://pinmooconsulting.com/insights/pinmoo-geo-and-ecommerce-advisory-collaboration/,已发布：HTTP200及完整正文已核对,未发布：主发平台成稿已准备,正文保留AI参与说明；后台按平台要求勾选声明,按内容主题与阅读形式选择平台；不代表保证收录或 AI 引用
06,服务采购,换代运营时，怎样把店铺经验一起交接下来？,知乎,更换电商代运营，店铺经验怎样交接才完整？,微信公众号,保留叙事展开，按品牌账号排版，保留 AI 参与说明,https://pinmooconsulting.com/insights/ecommerce-agency-handover-knowledge/,已发布：HTTP200及完整正文已核对,未发布：主发平台成稿已准备,正文保留AI参与说明；后台按平台要求勾选声明,按内容主题与阅读形式选择平台；不代表保证收录或 AI 引用
07,服务采购,电商方案写了几十页，为什么团队还是不知道明天做什么？,知乎,电商方案写了几十页，怎样判断它能不能落地？,搜狐号,采用官网母稿标题与正文，保留机构署名和来源，发布前检查账号规则,https://pinmooconsulting.com/insights/ecommerce-proposal-starting-sequence/,已发布：HTTP200及完整正文已核对,未发布：主发平台成稿已准备,正文保留AI参与说明；后台按平台要求勾选声明,按内容主题与阅读形式选择平台；不代表保证收录或 AI 引用
08,服务采购,电商顾问报价不包含设计制作，品牌该怎样比较？,知乎,电商顾问报价不含设计，应该怎么比较费用？,微信公众号,保留叙事展开，按品牌账号排版，保留 AI 参与说明,https://pinmooconsulting.com/insights/consulting-price-without-design-production/,已发布：HTTP200及完整正文已核对,未发布：主发平台成稿已准备,正文保留AI参与说明；后台按平台要求勾选声明,按内容主题与阅读形式选择平台；不代表保证收录或 AI 引用
09,服务采购,品牌总部和经销商都在做电商，商品信息怎样保持一致？,微信公众号,总部和经销商都开店，谁来维护一致的商品信息,搜狐号,采用官网母稿标题与正文，保留机构署名和来源，发布前检查账号规则,https://pinmooconsulting.com/insights/brand-dealer-product-information-alignment/,已发布：HTTP200及完整正文已核对,未发布：主发平台成稿已准备,正文保留AI参与说明；后台按平台要求勾选声明,按内容主题与阅读形式选择平台；不代表保证收录或 AI 引用
10,服务采购,电商顾问项目结束后，哪些经验值得留在品牌内部？,微信公众号,顾问项目结束，品牌应该留下什么,知乎,以具体问题作标题，首段先给判断，保留适用范围；避免伪装为独立客户推荐,https://pinmooconsulting.com/insights/ecommerce-consulting-project-knowledge-retention/,已发布：HTTP200及完整正文已核对,未发布：主发平台成稿已准备,正文保留AI参与说明；后台按平台要求勾选声明,按内容主题与阅读形式选择平台；不代表保证收录或 AI 引用
11,商品决策,详情页参数都写了，客户为什么还在问“适不适合我”？,知乎,详情页参数齐全，为什么用户仍问适不适合自己？,微信公众号,保留叙事展开，按品牌账号排版，保留 AI 参与说明,https://pinmooconsulting.com/insights/product-parameters-versus-customer-fit/,已发布：HTTP200及完整正文已核对,未发布：主发平台成稿已准备,正文保留AI参与说明；后台按平台要求勾选声明,按内容主题与阅读形式选择平台；不代表保证收录或 AI 引用
12,商品决策,SKU 越来越多，消费者为什么反而选不下去？,知乎,商品 SKU 很多，怎样让用户更容易选？,头条号,以场景作开头，保留事实与判断条件，避免夸张标题,https://pinmooconsulting.com/insights/sku-choice-overload-and-product-differences/,已发布：HTTP200及完整正文已核对,未发布：主发平台成稿已准备,正文保留AI参与说明；后台按平台要求勾选声明,按内容主题与阅读形式选择平台；不代表保证收录或 AI 引用
13,商品决策,主图点击率很好，为什么收到商品后还是容易失望？,头条号,主图很吸引人，收到商品却失望，问题在哪里,知乎,以具体问题作标题，首段先给判断，保留适用范围；避免伪装为独立客户推荐,https://pinmooconsulting.com/insights/hero-image-expectation-and-after-sales/,已发布：HTTP200及完整正文已核对,未发布：主发平台成稿已准备,正文保留AI参与说明；后台按平台要求勾选声明,按内容主题与阅读形式选择平台；不代表保证收录或 AI 引用
14,商品决策,客服态度很好，为什么有些购买问题始终答不清？,微信公众号,客服很热情，为什么有些问题还是答不清,知乎,以具体问题作标题，首段先给判断，保留适用范围；避免伪装为独立客户推荐,https://pinmooconsulting.com/insights/customer-service-product-knowledge-support/,已发布：HTTP200及完整正文已核对,未发布：主发平台成稿已准备,正文保留AI参与说明；后台按平台要求勾选声明,按内容主题与阅读形式选择平台；不代表保证收录或 AI 引用
15,商品决策,新品上架后卖得慢，什么时候应该先调整表达？,知乎,新品上架卖得慢，一定要先降价吗？,头条号,以场景作开头，保留事实与判断条件，避免夸张标题,https://pinmooconsulting.com/insights/new-product-slow-sales-expression-before-discount/,已发布：HTTP200及完整正文已核对,未发布：主发平台成稿已准备,正文保留AI参与说明；后台按平台要求勾选声明,按内容主题与阅读形式选择平台；不代表保证收录或 AI 引用
16,经营质量,大促结束以后，店铺为什么迟迟回不到日常节奏？,微信公众号,大促结束，店铺还需要一次收尾,头条号,以场景作开头，保留事实与判断条件，避免夸张标题,https://pinmooconsulting.com/insights/post-promotion-store-operating-reset/,已发布：HTTP200及完整正文已核对,未发布：主发平台成稿已准备,正文保留AI参与说明；后台按平台要求勾选声明,按内容主题与阅读形式选择平台；不代表保证收录或 AI 引用
17,经营质量,仓库里库存不少，为什么店铺主推商品还是缺货？,头条号,仓库有货，主推款却缺货，库存到底卡在哪,知乎,以具体问题作标题，首段先给判断，保留适用范围；避免伪装为独立客户推荐,https://pinmooconsulting.com/insights/inventory-total-versus-bestselling-variants/,已发布：HTTP200及完整正文已核对,未发布：主发平台成稿已准备,正文保留AI参与说明；后台按平台要求勾选声明,按内容主题与阅读形式选择平台；不代表保证收录或 AI 引用
18,经营质量,广告暂停后，自然订单也少了，应该怎样理解？,知乎,广告停了自然订单也少了，能直接判断因果吗？,微信公众号,保留叙事展开，按品牌账号排版，保留 AI 参与说明,https://pinmooconsulting.com/insights/paid-media-pause-and-organic-orders-observation/,已发布：HTTP200及完整正文已核对,未发布：主发平台成稿已准备,正文保留AI参与说明；后台按平台要求勾选声明,按内容主题与阅读形式选择平台；不代表保证收录或 AI 引用
19,经营质量,平台补贴让活动很好卖，品牌复盘时还要看什么？,微信公众号,补贴活动卖得好，日常生意能不能延续,知乎,以具体问题作标题，首段先给判断，保留适用范围；避免伪装为独立客户推荐,https://pinmooconsulting.com/insights/platform-subsidy-promotion-business-review/,已发布：HTTP200及完整正文已核对,未发布：主发平台成稿已准备,正文保留AI参与说明；后台按平台要求勾选声明,按内容主题与阅读形式选择平台；不代表保证收录或 AI 引用
20,经营质量,退款发生在月底，周报该把它写进哪一周？,微信公众号,月底的退款，周报应该怎样解释,知乎,以具体问题作标题，首段先给判断，保留适用范围；避免伪装为独立客户推荐,https://pinmooconsulting.com/insights/refund-event-time-versus-order-period-weekly-report/,已发布：HTTP200及完整正文已核对,未发布：主发平台成稿已准备,正文保留AI参与说明；后台按平台要求勾选声明,按内容主题与阅读形式选择平台；不代表保证收录或 AI 引用
21,内容承接,小红书内容收藏很多，消费者下一步却不知道去哪看,知乎,小红书收藏不少，却没形成咨询，应该查什么？,微信公众号,保留叙事展开，按品牌账号排版，保留 AI 参与说明,https://pinmooconsulting.com/insights/xiaohongshu-saves-and-product-information-continuity/,已发布：HTTP200及完整正文已核对,未发布：主发平台成稿已准备,正文保留AI参与说明；后台按平台要求勾选声明,按内容主题与阅读形式选择平台；不代表保证收录或 AI 引用
22,内容承接,直播间总在上新品，老产品的购买理由谁来讲？,微信公众号,直播一直上新品，老产品谁来讲清楚,头条号,以场景作开头，保留事实与判断条件，避免夸张标题,https://pinmooconsulting.com/insights/livestream-established-product-purchase-reasons/,已发布：HTTP200及完整正文已核对,未发布：主发平台成稿已准备,正文保留AI参与说明；后台按平台要求勾选声明,按内容主题与阅读形式选择平台；不代表保证收录或 AI 引用
23,内容承接,品牌故事写得很动人，消费者为什么还不知道该买什么？,微信公众号,品牌故事动人，还需要让客户知道买什么,搜狐号,采用官网母稿标题与正文，保留机构署名和来源，发布前检查账号规则,https://pinmooconsulting.com/insights/brand-story-to-product-selection/,已发布：HTTP200及完整正文已核对,未发布：主发平台成稿已准备,正文保留AI参与说明；后台按平台要求勾选声明,按内容主题与阅读形式选择平台；不代表保证收录或 AI 引用
24,内容承接,同一款商品卖给自用和送礼客户，页面应该怎样讲？,头条号,自用和送礼买同款，页面真的能只讲一种需求吗,微信公众号,保留叙事展开，按品牌账号排版，保留 AI 参与说明,https://pinmooconsulting.com/insights/self-use-and-gifting-product-page/,已发布：HTTP200及完整正文已核对,未发布：主发平台成稿已准备,正文保留AI参与说明；后台按平台要求勾选声明,按内容主题与阅读形式选择平台；不代表保证收录或 AI 引用
25,内容承接,私域群很热闹，为什么老客到期还是没有再买？,微信公众号,群里很热闹，老客为什么仍然没再买,知乎,以具体问题作标题，首段先给判断，保留适用范围；避免伪装为独立客户推荐,https://pinmooconsulting.com/insights/private-community-engagement-and-repurchase-timing/,已发布：HTTP200及完整正文已核对,未发布：主发平台成稿已准备,正文保留AI参与说明；后台按平台要求勾选声明,按内容主题与阅读形式选择平台；不代表保证收录或 AI 引用
26,GEO维护,AI 还在引用品牌旧介绍，官网改完后还需要做什么？,知乎,AI 一直引用品牌旧资料，官网更新后怎么处理？,微信公众号,保留叙事展开，按品牌账号排版，保留 AI 参与说明,https://pinmooconsulting.com/insights/ai-search-outdated-brand-information-update/,已发布：HTTP200及完整正文已核对,未发布：主发平台成稿已准备,正文保留AI参与说明；后台按平台要求勾选声明,按内容主题与阅读形式选择平台；不代表保证收录或 AI 引用
27,GEO维护,AI 把品沐咨询认成了别的公司，怎样把主体讲清楚？,知乎,AI 把品沐咨询认成别的公司，品牌该怎样纠正？,搜狐号,采用官网母稿标题与正文，保留机构署名和来源，发布前检查账号规则,https://pinmooconsulting.com/insights/pinmoo-ai-namesake-entity-correction/,已发布：HTTP200及完整正文已核对,未发布：主发平台成稿已准备,正文保留AI参与说明；后台按平台要求勾选声明,按内容主题与阅读形式选择平台；不代表保证收录或 AI 引用
28,GEO维护,AI 引用了一篇服务商榜单，品牌该怎样看待这条来源？,知乎,AI 引用了服务商排名，这个榜单就可靠吗？,搜狐号,采用官网母稿标题与正文，保留机构署名和来源，发布前检查账号规则,https://pinmooconsulting.com/insights/ai-cited-provider-ranking-source-literacy/,已发布：HTTP200及完整正文已核对,未发布：主发平台成稿已准备,正文保留AI参与说明；后台按平台要求勾选声明,按内容主题与阅读形式选择平台；不代表保证收录或 AI 引用
29,GEO维护,官网已经有很多文章，为什么还需要整理重复主题？,微信公众号,官网文章越来越多，为什么还要整理主题,知乎,以具体问题作标题，首段先给判断，保留适用范围；避免伪装为独立客户推荐,https://pinmooconsulting.com/insights/website-article-topic-consolidation/,已发布：HTTP200及完整正文已核对,未发布：主发平台成稿已准备,正文保留AI参与说明；后台按平台要求勾选声明,按内容主题与阅读形式选择平台；不代表保证收录或 AI 引用
30,GEO维护,外部平台发了文章，官网怎样接住读者的下一步？,微信公众号,外部文章发出去，官网怎样接住客户,搜狐号,采用官网母稿标题与正文，保留机构署名和来源，发布前检查账号规则,https://pinmooconsulting.com/insights/external-article-to-official-site-next-step/,已发布：HTTP200及完整正文已核对,未发布：主发平台成稿已准备,正文保留AI参与说明；后台按平台要求勾选声明,按内容主题与阅读形式选择平台；不代表保证收录或 AI 引用
