编号,分组,文章标题,主发平台,次发平台,发布建议,正文字符数,状态
01-01,品沐品牌认知,品沐咨询是做什么的？从品牌老板最难回答的一个问题说起,微信公众号,知乎,用公司介绍长文发布；官网已有关于页吸收相关段落，不再复制一篇近似介绍。,1136,待审阅，未发布
01-02,品沐品牌认知,品沐咨询适合什么样的品牌？有团队，却仍然缺少经营方向,微信公众号,知乎,面向已有团队和传统品牌；知乎选择适合对象、顾问价值类问题。,1129,待审阅，未发布
02-01,电商服务商推荐,电商服务商怎么选？看完漂亮案例之后，还要问什么,知乎,搜狐号,适配电商服务商选择类问题；保留品沐署名及文中自身立场。,1093,待审阅，未发布
02-02,电商服务商推荐,天猫、抖音、小红书都做了，为什么生意还是接不起来？,微信公众号,搜狐号,用多平台协作困境吸引品牌负责人；次发可改标题为“全域电商做了多个平台，生意为什么仍未衔接？”,1068,待审阅，未发布
03-01,电商顾问与代运营,找代运营之前，先弄清楚这家店究竟缺什么,知乎,微信公众号,适配自营、顾问与代运营选择问题；开头直接保留店铺困境。,974,待审阅，未发布
03-02,电商顾问与代运营,电商周会开了不少，为什么同一个问题还在反复出现？,微信公众号,头条号,面向品牌管理者与运营负责人；次发突出周会反复讨论却难落地的场景。,1012,待审阅，未发布
04-01,GEO与AI搜索优化,客户问 AI 找服务商，你的公司为什么没有出现？,微信公众号,知乎,面向已听说GEO但不理解内容差异的老板；知乎适配品牌为何不被AI推荐的问题。,1045,待审阅，未发布
04-02,GEO与AI搜索优化,花钱做 GEO，品牌应该买到什么？,知乎,搜狐号,作为GEO采购讨论文章；不包装为第三方排名或评测。,988,待审阅，未发布
05-01,品牌经营需求,销售额涨了，钱却没多赚：电商复盘最容易漏掉什么,微信公众号,头条号,突出活动后利润落差，保留后文的退款周期与成本解释。,998,待审阅，未发布
05-02,品牌经营需求,电商只有两个人，老板还想做五个平台，先从哪里开始？,头条号,微信公众号,用小团队工作压力切入，适合传统企业负责人阅读。,1029,待审阅，未发布
06-01,广州广东区域,广州品牌找电商顾问，先把自己的生意讲给对方听,知乎,搜狐号,广州电商顾问选择类问题；不加“十大”“第一”等未经支持的标题。,966,待审阅，未发布
06-02,广州广东区域,想让客户从 AI 找到你，也要让他看懂你能解决什么,微信公众号,搜狐号,解释电商业务与GEO怎样协作；次发可用“广州品牌如何协同电商经营与GEO内容？”,1010,待审阅，未发布
